year,month,date,cpi
1913,Jan,1913-01-01,9.8
1913,Feb,1913-02-01,9.8
1913,Mar,1913-03-01,9.8
1913,Apr,1913-04-01,9.8
1913,May,1913-05-01,9.7
1913,June,1913-06-01,9.8
1913,July,1913-07-01,9.9
1913,Aug,1913-08-01,9.9
1913,Sep,1913-09-01,10.0
1913,Oct,1913-10-01,10.0
1913,Nov,1913-11-01,10.1
1913,Dec,1913-12-01,10.0
1914,Jan,1914-01-01,10.0
1914,Feb,1914-02-01,9.9
1914,Mar,1914-03-01,9.9
1914,Apr,1914-04-01,9.8
1914,May,1914-05-01,9.9
1914,June,1914-06-01,9.9
1914,July,1914-07-01,10.0
1914,Aug,1914-08-01,10.2
1914,Sep,1914-09-01,10.2
1914,Oct,1914-10-01,10.1
1914,Nov,1914-11-01,10.2
1914,Dec,1914-12-01,10.1
1915,Jan,1915-01-01,10.1
1915,Feb,1915-02-01,10.0
1915,Mar,1915-03-01,9.9
1915,Apr,1915-04-01,10.0
1915,May,1915-05-01,10.1
1915,June,1915-06-01,10.1
1915,July,1915-07-01,10.1
1915,Aug,1915-08-01,10.1
1915,Sep,1915-09-01,10.1
1915,Oct,1915-10-01,10.2
1915,Nov,1915-11-01,10.3
1915,Dec,1915-12-01,10.3
1916,Jan,1916-01-01,10.4
1916,Feb,1916-02-01,10.4
1916,Mar,1916-03-01,10.5
1916,Apr,1916-04-01,10.6
1916,May,1916-05-01,10.7
1916,June,1916-06-01,10.8
1916,July,1916-07-01,10.8
1916,Aug,1916-08-01,10.9
1916,Sep,1916-09-01,11.1
1916,Oct,1916-10-01,11.3
1916,Nov,1916-11-01,11.5
1916,Dec,1916-12-01,11.6
1917,Jan,1917-01-01,11.7
1917,Feb,1917-02-01,12.0
1917,Mar,1917-03-01,12.0
1917,Apr,1917-04-01,12.6
1917,May,1917-05-01,12.8
1917,June,1917-06-01,13.0
1917,July,1917-07-01,12.8
1917,Aug,1917-08-01,13.0
1917,Sep,1917-09-01,13.3
1917,Oct,1917-10-01,13.5
1917,Nov,1917-11-01,13.5
1917,Dec,1917-12-01,13.7
1918,Jan,1918-01-01,14.0
1918,Feb,1918-02-01,14.1
1918,Mar,1918-03-01,14.0
1918,Apr,1918-04-01,14.2
1918,May,1918-05-01,14.5
1918,June,1918-06-01,14.7
1918,July,1918-07-01,15.1
1918,Aug,1918-08-01,15.4
1918,Sep,1918-09-01,15.7
1918,Oct,1918-10-01,16.0
1918,Nov,1918-11-01,16.3
1918,Dec,1918-12-01,16.5
1919,Jan,1919-01-01,16.5
1919,Feb,1919-02-01,16.2
1919,Mar,1919-03-01,16.4
1919,Apr,1919-04-01,16.7
1919,May,1919-05-01,16.9
1919,June,1919-06-01,16.9
1919,July,1919-07-01,17.4
1919,Aug,1919-08-01,17.7
1919,Sep,1919-09-01,17.8
1919,Oct,1919-10-01,18.1
1919,Nov,1919-11-01,18.5
1919,Dec,1919-12-01,18.9
1920,Jan,1920-01-01,19.3
1920,Feb,1920-02-01,19.5
1920,Mar,1920-03-01,19.7
1920,Apr,1920-04-01,20.3
1920,May,1920-05-01,20.6
1920,June,1920-06-01,20.9
1920,July,1920-07-01,20.8
1920,Aug,1920-08-01,20.3
1920,Sep,1920-09-01,20.0
1920,Oct,1920-10-01,19.9
1920,Nov,1920-11-01,19.8
1920,Dec,1920-12-01,19.4
1921,Jan,1921-01-01,19.0
1921,Feb,1921-02-01,18.4
1921,Mar,1921-03-01,18.3
1921,Apr,1921-04-01,18.1
1921,May,1921-05-01,17.7
1921,June,1921-06-01,17.6
1921,July,1921-07-01,17.7
1921,Aug,1921-08-01,17.7
1921,Sep,1921-09-01,17.5
1921,Oct,1921-10-01,17.5
1921,Nov,1921-11-01,17.4
1921,Dec,1921-12-01,17.3
1922,Jan,1922-01-01,16.9
1922,Feb,1922-02-01,16.9
1922,Mar,1922-03-01,16.7
1922,Apr,1922-04-01,16.7
1922,May,1922-05-01,16.7
1922,June,1922-06-01,16.7
1922,July,1922-07-01,16.8
1922,Aug,1922-08-01,16.6
1922,Sep,1922-09-01,16.6
1922,Oct,1922-10-01,16.7
1922,Nov,1922-11-01,16.8
1922,Dec,1922-12-01,16.9
1923,Jan,1923-01-01,16.8
1923,Feb,1923-02-01,16.8
1923,Mar,1923-03-01,16.8
1923,Apr,1923-04-01,16.9
1923,May,1923-05-01,16.9
1923,June,1923-06-01,17.0
1923,July,1923-07-01,17.2
1923,Aug,1923-08-01,17.1
1923,Sep,1923-09-01,17.2
1923,Oct,1923-10-01,17.3
1923,Nov,1923-11-01,17.3
1923,Dec,1923-12-01,17.3
1924,Jan,1924-01-01,17.3
1924,Feb,1924-02-01,17.2
1924,Mar,1924-03-01,17.1
1924,Apr,1924-04-01,17.0
1924,May,1924-05-01,17.0
1924,June,1924-06-01,17.0
1924,July,1924-07-01,17.1
1924,Aug,1924-08-01,17.0
1924,Sep,1924-09-01,17.1
1924,Oct,1924-10-01,17.2
1924,Nov,1924-11-01,17.2
1924,Dec,1924-12-01,17.3
1925,Jan,1925-01-01,17.3
1925,Feb,1925-02-01,17.2
1925,Mar,1925-03-01,17.3
1925,Apr,1925-04-01,17.2
1925,May,1925-05-01,17.3
1925,June,1925-06-01,17.5
1925,July,1925-07-01,17.7
1925,Aug,1925-08-01,17.7
1925,Sep,1925-09-01,17.7
1925,Oct,1925-10-01,17.7
1925,Nov,1925-11-01,18.0
1925,Dec,1925-12-01,17.9
1926,Jan,1926-01-01,17.9
1926,Feb,1926-02-01,17.9
1926,Mar,1926-03-01,17.8
1926,Apr,1926-04-01,17.9
1926,May,1926-05-01,17.8
1926,June,1926-06-01,17.7
1926,July,1926-07-01,17.5
1926,Aug,1926-08-01,17.4
1926,Sep,1926-09-01,17.5
1926,Oct,1926-10-01,17.6
1926,Nov,1926-11-01,17.7
1926,Dec,1926-12-01,17.7
1927,Jan,1927-01-01,17.5
1927,Feb,1927-02-01,17.4
1927,Mar,1927-03-01,17.3
1927,Apr,1927-04-01,17.3
1927,May,1927-05-01,17.4
1927,June,1927-06-01,17.6
1927,July,1927-07-01,17.3
1927,Aug,1927-08-01,17.2
1927,Sep,1927-09-01,17.3
1927,Oct,1927-10-01,17.4
1927,Nov,1927-11-01,17.3
1927,Dec,1927-12-01,17.3
1928,Jan,1928-01-01,17.3
1928,Feb,1928-02-01,17.1
1928,Mar,1928-03-01,17.1
1928,Apr,1928-04-01,17.1
1928,May,1928-05-01,17.2
1928,June,1928-06-01,17.1
1928,July,1928-07-01,17.1
1928,Aug,1928-08-01,17.1
1928,Sep,1928-09-01,17.3
1928,Oct,1928-10-01,17.2
1928,Nov,1928-11-01,17.2
1928,Dec,1928-12-01,17.1
1929,Jan,1929-01-01,17.1
1929,Feb,1929-02-01,17.1
1929,Mar,1929-03-01,17.0
1929,Apr,1929-04-01,16.9
1929,May,1929-05-01,17.0
1929,June,1929-06-01,17.1
1929,July,1929-07-01,17.3
1929,Aug,1929-08-01,17.3
1929,Sep,1929-09-01,17.3
1929,Oct,1929-10-01,17.3
1929,Nov,1929-11-01,17.3
1929,Dec,1929-12-01,17.2
1930,Jan,1930-01-01,17.1
1930,Feb,1930-02-01,17.0
1930,Mar,1930-03-01,16.9
1930,Apr,1930-04-01,17.0
1930,May,1930-05-01,16.9
1930,June,1930-06-01,16.8
1930,July,1930-07-01,16.6
1930,Aug,1930-08-01,16.5
1930,Sep,1930-09-01,16.6
1930,Oct,1930-10-01,16.5
1930,Nov,1930-11-01,16.4
1930,Dec,1930-12-01,16.1
1931,Jan,1931-01-01,15.9
1931,Feb,1931-02-01,15.7
1931,Mar,1931-03-01,15.6
1931,Apr,1931-04-01,15.5
1931,May,1931-05-01,15.3
1931,June,1931-06-01,15.1
1931,July,1931-07-01,15.1
1931,Aug,1931-08-01,15.1
1931,Sep,1931-09-01,15.0
1931,Oct,1931-10-01,14.9
1931,Nov,1931-11-01,14.7
1931,Dec,1931-12-01,14.6
1932,Jan,1932-01-01,14.3
1932,Feb,1932-02-01,14.1
1932,Mar,1932-03-01,14.0
1932,Apr,1932-04-01,13.9
1932,May,1932-05-01,13.7
1932,June,1932-06-01,13.6
1932,July,1932-07-01,13.6
1932,Aug,1932-08-01,13.5
1932,Sep,1932-09-01,13.4
1932,Oct,1932-10-01,13.3
1932,Nov,1932-11-01,13.2
1932,Dec,1932-12-01,13.1
1933,Jan,1933-01-01,12.9
1933,Feb,1933-02-01,12.7
1933,Mar,1933-03-01,12.6
1933,Apr,1933-04-01,12.6
1933,May,1933-05-01,12.6
1933,June,1933-06-01,12.7
1933,July,1933-07-01,13.1
1933,Aug,1933-08-01,13.2
1933,Sep,1933-09-01,13.2
1933,Oct,1933-10-01,13.2
1933,Nov,1933-11-01,13.2
1933,Dec,1933-12-01,13.2
1934,Jan,1934-01-01,13.2
1934,Feb,1934-02-01,13.3
1934,Mar,1934-03-01,13.3
1934,Apr,1934-04-01,13.3
1934,May,1934-05-01,13.3
1934,June,1934-06-01,13.4
1934,July,1934-07-01,13.4
1934,Aug,1934-08-01,13.4
1934,Sep,1934-09-01,13.6
1934,Oct,1934-10-01,13.5
1934,Nov,1934-11-01,13.5
1934,Dec,1934-12-01,13.4
1935,Jan,1935-01-01,13.6
1935,Feb,1935-02-01,13.7
1935,Mar,1935-03-01,13.7
1935,Apr,1935-04-01,13.8
1935,May,1935-05-01,13.8
1935,June,1935-06-01,13.7
1935,July,1935-07-01,13.7
1935,Aug,1935-08-01,13.7
1935,Sep,1935-09-01,13.7
1935,Oct,1935-10-01,13.7
1935,Nov,1935-11-01,13.8
1935,Dec,1935-12-01,13.8
1936,Jan,1936-01-01,13.8
1936,Feb,1936-02-01,13.8
1936,Mar,1936-03-01,13.7
1936,Apr,1936-04-01,13.7
1936,May,1936-05-01,13.7
1936,June,1936-06-01,13.8
1936,July,1936-07-01,13.9
1936,Aug,1936-08-01,14.0
1936,Sep,1936-09-01,14.0
1936,Oct,1936-10-01,14.0
1936,Nov,1936-11-01,14.0
1936,Dec,1936-12-01,14.0
1937,Jan,1937-01-01,14.1
1937,Feb,1937-02-01,14.1
1937,Mar,1937-03-01,14.2
1937,Apr,1937-04-01,14.3
1937,May,1937-05-01,14.4
1937,June,1937-06-01,14.4
1937,July,1937-07-01,14.5
1937,Aug,1937-08-01,14.5
1937,Sep,1937-09-01,14.6
1937,Oct,1937-10-01,14.6
1937,Nov,1937-11-01,14.5
1937,Dec,1937-12-01,14.4
1938,Jan,1938-01-01,14.2
1938,Feb,1938-02-01,14.1
1938,Mar,1938-03-01,14.1
1938,Apr,1938-04-01,14.2
1938,May,1938-05-01,14.1
1938,June,1938-06-01,14.1
1938,July,1938-07-01,14.1
1938,Aug,1938-08-01,14.1
1938,Sep,1938-09-01,14.1
1938,Oct,1938-10-01,14.0
1938,Nov,1938-11-01,14.0
1938,Dec,1938-12-01,14.0
1939,Jan,1939-01-01,14.0
1939,Feb,1939-02-01,13.9
1939,Mar,1939-03-01,13.9
1939,Apr,1939-04-01,13.8
1939,May,1939-05-01,13.8
1939,June,1939-06-01,13.8
1939,July,1939-07-01,13.8
1939,Aug,1939-08-01,13.8
1939,Sep,1939-09-01,14.1
1939,Oct,1939-10-01,14.0
1939,Nov,1939-11-01,14.0
1939,Dec,1939-12-01,14.0
1940,Jan,1940-01-01,13.9
1940,Feb,1940-02-01,14.0
1940,Mar,1940-03-01,14.0
1940,Apr,1940-04-01,14.0
1940,May,1940-05-01,14.0
1940,June,1940-06-01,14.1
1940,July,1940-07-01,14.0
1940,Aug,1940-08-01,14.0
1940,Sep,1940-09-01,14.0
1940,Oct,1940-10-01,14.0
1940,Nov,1940-11-01,14.0
1940,Dec,1940-12-01,14.1
1941,Jan,1941-01-01,14.1
1941,Feb,1941-02-01,14.1
1941,Mar,1941-03-01,14.2
1941,Apr,1941-04-01,14.3
1941,May,1941-05-01,14.4
1941,June,1941-06-01,14.7
1941,July,1941-07-01,14.7
1941,Aug,1941-08-01,14.9
1941,Sep,1941-09-01,15.1
1941,Oct,1941-10-01,15.3
1941,Nov,1941-11-01,15.4
1941,Dec,1941-12-01,15.5
1942,Jan,1942-01-01,15.7
1942,Feb,1942-02-01,15.8
1942,Mar,1942-03-01,16.0
1942,Apr,1942-04-01,16.1
1942,May,1942-05-01,16.3
1942,June,1942-06-01,16.3
1942,July,1942-07-01,16.4
1942,Aug,1942-08-01,16.5
1942,Sep,1942-09-01,16.5
1942,Oct,1942-10-01,16.7
1942,Nov,1942-11-01,16.8
1942,Dec,1942-12-01,16.9
1943,Jan,1943-01-01,16.9
1943,Feb,1943-02-01,16.9
1943,Mar,1943-03-01,17.2
1943,Apr,1943-04-01,17.4
1943,May,1943-05-01,17.5
1943,June,1943-06-01,17.5
1943,July,1943-07-01,17.4
1943,Aug,1943-08-01,17.3
1943,Sep,1943-09-01,17.4
1943,Oct,1943-10-01,17.4
1943,Nov,1943-11-01,17.4
1943,Dec,1943-12-01,17.4
1944,Jan,1944-01-01,17.4
1944,Feb,1944-02-01,17.4
1944,Mar,1944-03-01,17.4
1944,Apr,1944-04-01,17.5
1944,May,1944-05-01,17.5
1944,June,1944-06-01,17.6
1944,July,1944-07-01,17.7
1944,Aug,1944-08-01,17.7
1944,Sep,1944-09-01,17.7
1944,Oct,1944-10-01,17.7
1944,Nov,1944-11-01,17.7
1944,Dec,1944-12-01,17.8
1945,Jan,1945-01-01,17.8
1945,Feb,1945-02-01,17.8
1945,Mar,1945-03-01,17.8
1945,Apr,1945-04-01,17.8
1945,May,1945-05-01,17.9
1945,June,1945-06-01,18.1
1945,July,1945-07-01,18.1
1945,Aug,1945-08-01,18.1
1945,Sep,1945-09-01,18.1
1945,Oct,1945-10-01,18.1
1945,Nov,1945-11-01,18.1
1945,Dec,1945-12-01,18.2
1946,Jan,1946-01-01,18.2
1946,Feb,1946-02-01,18.1
1946,Mar,1946-03-01,18.3
1946,Apr,1946-04-01,18.4
1946,May,1946-05-01,18.5
1946,June,1946-06-01,18.7
1946,July,1946-07-01,19.8
1946,Aug,1946-08-01,20.2
1946,Sep,1946-09-01,20.4
1946,Oct,1946-10-01,20.8
1946,Nov,1946-11-01,21.3
1946,Dec,1946-12-01,21.5
1947,Jan,1947-01-01,21.5
1947,Feb,1947-02-01,21.5
1947,Mar,1947-03-01,21.9
1947,Apr,1947-04-01,21.9
1947,May,1947-05-01,21.9
1947,June,1947-06-01,22.0
1947,July,1947-07-01,22.2
1947,Aug,1947-08-01,22.5
1947,Sep,1947-09-01,23.0
1947,Oct,1947-10-01,23.0
1947,Nov,1947-11-01,23.1
1947,Dec,1947-12-01,23.4
1948,Jan,1948-01-01,23.7
1948,Feb,1948-02-01,23.5
1948,Mar,1948-03-01,23.4
1948,Apr,1948-04-01,23.8
1948,May,1948-05-01,23.9
1948,June,1948-06-01,24.1
1948,July,1948-07-01,24.4
1948,Aug,1948-08-01,24.5
1948,Sep,1948-09-01,24.5
1948,Oct,1948-10-01,24.4
1948,Nov,1948-11-01,24.2
1948,Dec,1948-12-01,24.1
1949,Jan,1949-01-01,24.0
1949,Feb,1949-02-01,23.8
1949,Mar,1949-03-01,23.8
1949,Apr,1949-04-01,23.9
1949,May,1949-05-01,23.8
1949,June,1949-06-01,23.9
1949,July,1949-07-01,23.7
1949,Aug,1949-08-01,23.8
1949,Sep,1949-09-01,23.9
1949,Oct,1949-10-01,23.7
1949,Nov,1949-11-01,23.8
1949,Dec,1949-12-01,23.6
1950,Jan,1950-01-01,23.5
1950,Feb,1950-02-01,23.5
1950,Mar,1950-03-01,23.6
1950,Apr,1950-04-01,23.6
1950,May,1950-05-01,23.7
1950,June,1950-06-01,23.8
1950,July,1950-07-01,24.1
1950,Aug,1950-08-01,24.3
1950,Sep,1950-09-01,24.4
1950,Oct,1950-10-01,24.6
1950,Nov,1950-11-01,24.7
1950,Dec,1950-12-01,25.0
1951,Jan,1951-01-01,25.4
1951,Feb,1951-02-01,25.7
1951,Mar,1951-03-01,25.8
1951,Apr,1951-04-01,25.8
1951,May,1951-05-01,25.9
1951,June,1951-06-01,25.9
1951,July,1951-07-01,25.9
1951,Aug,1951-08-01,25.9
1951,Sep,1951-09-01,26.1
1951,Oct,1951-10-01,26.2
1951,Nov,1951-11-01,26.4
1951,Dec,1951-12-01,26.5
1952,Jan,1952-01-01,26.5
1952,Feb,1952-02-01,26.3
1952,Mar,1952-03-01,26.3
1952,Apr,1952-04-01,26.4
1952,May,1952-05-01,26.4
1952,June,1952-06-01,26.5
1952,July,1952-07-01,26.7
1952,Aug,1952-08-01,26.7
1952,Sep,1952-09-01,26.7
1952,Oct,1952-10-01,26.7
1952,Nov,1952-11-01,26.7
1952,Dec,1952-12-01,26.7
1953,Jan,1953-01-01,26.6
1953,Feb,1953-02-01,26.5
1953,Mar,1953-03-01,26.6
1953,Apr,1953-04-01,26.6
1953,May,1953-05-01,26.7
1953,June,1953-06-01,26.8
1953,July,1953-07-01,26.8
1953,Aug,1953-08-01,26.9
1953,Sep,1953-09-01,26.9
1953,Oct,1953-10-01,27.0
1953,Nov,1953-11-01,26.9
1953,Dec,1953-12-01,26.9
1954,Jan,1954-01-01,26.9
1954,Feb,1954-02-01,26.9
1954,Mar,1954-03-01,26.9
1954,Apr,1954-04-01,26.8
1954,May,1954-05-01,26.9
1954,June,1954-06-01,26.9
1954,July,1954-07-01,26.9
1954,Aug,1954-08-01,26.9
1954,Sep,1954-09-01,26.8
1954,Oct,1954-10-01,26.8
1954,Nov,1954-11-01,26.8
1954,Dec,1954-12-01,26.7
1955,Jan,1955-01-01,26.7
1955,Feb,1955-02-01,26.7
1955,Mar,1955-03-01,26.7
1955,Apr,1955-04-01,26.7
1955,May,1955-05-01,26.7
1955,June,1955-06-01,26.7
1955,July,1955-07-01,26.8
1955,Aug,1955-08-01,26.8
1955,Sep,1955-09-01,26.9
1955,Oct,1955-10-01,26.9
1955,Nov,1955-11-01,26.9
1955,Dec,1955-12-01,26.8
1956,Jan,1956-01-01,26.8
1956,Feb,1956-02-01,26.8
1956,Mar,1956-03-01,26.8
1956,Apr,1956-04-01,26.9
1956,May,1956-05-01,27.0
1956,June,1956-06-01,27.2
1956,July,1956-07-01,27.4
1956,Aug,1956-08-01,27.3
1956,Sep,1956-09-01,27.4
1956,Oct,1956-10-01,27.5
1956,Nov,1956-11-01,27.5
1956,Dec,1956-12-01,27.6
1957,Jan,1957-01-01,27.6
1957,Feb,1957-02-01,27.7
1957,Mar,1957-03-01,27.8
1957,Apr,1957-04-01,27.9
1957,May,1957-05-01,28.0
1957,June,1957-06-01,28.1
1957,July,1957-07-01,28.3
1957,Aug,1957-08-01,28.3
1957,Sep,1957-09-01,28.3
1957,Oct,1957-10-01,28.3
1957,Nov,1957-11-01,28.4
1957,Dec,1957-12-01,28.4
1958,Jan,1958-01-01,28.6
1958,Feb,1958-02-01,28.6
1958,Mar,1958-03-01,28.8
1958,Apr,1958-04-01,28.9
1958,May,1958-05-01,28.9
1958,June,1958-06-01,28.9
1958,July,1958-07-01,29.0
1958,Aug,1958-08-01,28.9
1958,Sep,1958-09-01,28.9
1958,Oct,1958-10-01,28.9
1958,Nov,1958-11-01,29.0
1958,Dec,1958-12-01,28.9
1959,Jan,1959-01-01,29.0
1959,Feb,1959-02-01,28.9
1959,Mar,1959-03-01,28.9
1959,Apr,1959-04-01,29.0
1959,May,1959-05-01,29.0
1959,June,1959-06-01,29.1
1959,July,1959-07-01,29.2
1959,Aug,1959-08-01,29.2
1959,Sep,1959-09-01,29.3
1959,Oct,1959-10-01,29.4
1959,Nov,1959-11-01,29.4
1959,Dec,1959-12-01,29.4
1960,Jan,1960-01-01,29.3
1960,Feb,1960-02-01,29.4
1960,Mar,1960-03-01,29.4
1960,Apr,1960-04-01,29.5
1960,May,1960-05-01,29.5
1960,June,1960-06-01,29.6
1960,July,1960-07-01,29.6
1960,Aug,1960-08-01,29.6
1960,Sep,1960-09-01,29.6
1960,Oct,1960-10-01,29.8
1960,Nov,1960-11-01,29.8
1960,Dec,1960-12-01,29.8
1961,Jan,1961-01-01,29.8
1961,Feb,1961-02-01,29.8
1961,Mar,1961-03-01,29.8
1961,Apr,1961-04-01,29.8
1961,May,1961-05-01,29.8
1961,June,1961-06-01,29.8
1961,July,1961-07-01,30.0
1961,Aug,1961-08-01,29.9
1961,Sep,1961-09-01,30.0
1961,Oct,1961-10-01,30.0
1961,Nov,1961-11-01,30.0
1961,Dec,1961-12-01,30.0
1962,Jan,1962-01-01,30.0
1962,Feb,1962-02-01,30.1
1962,Mar,1962-03-01,30.1
1962,Apr,1962-04-01,30.2
1962,May,1962-05-01,30.2
1962,June,1962-06-01,30.2
1962,July,1962-07-01,30.3
1962,Aug,1962-08-01,30.3
1962,Sep,1962-09-01,30.4
1962,Oct,1962-10-01,30.4
1962,Nov,1962-11-01,30.4
1962,Dec,1962-12-01,30.4
1963,Jan,1963-01-01,30.4
1963,Feb,1963-02-01,30.4
1963,Mar,1963-03-01,30.5
1963,Apr,1963-04-01,30.5
1963,May,1963-05-01,30.5
1963,June,1963-06-01,30.6
1963,July,1963-07-01,30.7
1963,Aug,1963-08-01,30.7
1963,Sep,1963-09-01,30.7
1963,Oct,1963-10-01,30.8
1963,Nov,1963-11-01,30.8
1963,Dec,1963-12-01,30.9
1964,Jan,1964-01-01,30.9
1964,Feb,1964-02-01,30.9
1964,Mar,1964-03-01,30.9
1964,Apr,1964-04-01,30.9
1964,May,1964-05-01,30.9
1964,June,1964-06-01,31.0
1964,July,1964-07-01,31.1
1964,Aug,1964-08-01,31.0
1964,Sep,1964-09-01,31.1
1964,Oct,1964-10-01,31.1
1964,Nov,1964-11-01,31.2
1964,Dec,1964-12-01,31.2
1965,Jan,1965-01-01,31.2
1965,Feb,1965-02-01,31.2
1965,Mar,1965-03-01,31.3
1965,Apr,1965-04-01,31.4
1965,May,1965-05-01,31.4
1965,June,1965-06-01,31.6
1965,July,1965-07-01,31.6
1965,Aug,1965-08-01,31.6
1965,Sep,1965-09-01,31.6
1965,Oct,1965-10-01,31.7
1965,Nov,1965-11-01,31.7
1965,Dec,1965-12-01,31.8
1966,Jan,1966-01-01,31.8
1966,Feb,1966-02-01,32.0
1966,Mar,1966-03-01,32.1
1966,Apr,1966-04-01,32.3
1966,May,1966-05-01,32.3
1966,June,1966-06-01,32.4
1966,July,1966-07-01,32.5
1966,Aug,1966-08-01,32.7
1966,Sep,1966-09-01,32.7
1966,Oct,1966-10-01,32.9
1966,Nov,1966-11-01,32.9
1966,Dec,1966-12-01,32.9
1967,Jan,1967-01-01,32.9
1967,Feb,1967-02-01,32.9
1967,Mar,1967-03-01,33.0
1967,Apr,1967-04-01,33.1
1967,May,1967-05-01,33.2
1967,June,1967-06-01,33.3
1967,July,1967-07-01,33.4
1967,Aug,1967-08-01,33.5
1967,Sep,1967-09-01,33.6
1967,Oct,1967-10-01,33.7
1967,Nov,1967-11-01,33.8
1967,Dec,1967-12-01,33.9
1968,Jan,1968-01-01,34.1
1968,Feb,1968-02-01,34.2
1968,Mar,1968-03-01,34.3
1968,Apr,1968-04-01,34.4
1968,May,1968-05-01,34.5
1968,June,1968-06-01,34.7
1968,July,1968-07-01,34.9
1968,Aug,1968-08-01,35.0
1968,Sep,1968-09-01,35.1
1968,Oct,1968-10-01,35.3
1968,Nov,1968-11-01,35.4
1968,Dec,1968-12-01,35.5
1969,Jan,1969-01-01,35.6
1969,Feb,1969-02-01,35.8
1969,Mar,1969-03-01,36.1
1969,Apr,1969-04-01,36.3
1969,May,1969-05-01,36.4
1969,June,1969-06-01,36.6
1969,July,1969-07-01,36.8
1969,Aug,1969-08-01,37.0
1969,Sep,1969-09-01,37.1
1969,Oct,1969-10-01,37.3
1969,Nov,1969-11-01,37.5
1969,Dec,1969-12-01,37.7
1970,Jan,1970-01-01,37.8
1970,Feb,1970-02-01,38.0
1970,Mar,1970-03-01,38.2
1970,Apr,1970-04-01,38.5
1970,May,1970-05-01,38.6
1970,June,1970-06-01,38.8
1970,July,1970-07-01,39.0
1970,Aug,1970-08-01,39.0
1970,Sep,1970-09-01,39.2
1970,Oct,1970-10-01,39.4
1970,Nov,1970-11-01,39.6
1970,Dec,1970-12-01,39.8
1971,Jan,1971-01-01,39.8
1971,Feb,1971-02-01,39.9
1971,Mar,1971-03-01,40.0
1971,Apr,1971-04-01,40.1
1971,May,1971-05-01,40.3
1971,June,1971-06-01,40.6
1971,July,1971-07-01,40.7
1971,Aug,1971-08-01,40.8
1971,Sep,1971-09-01,40.8
1971,Oct,1971-10-01,40.9
1971,Nov,1971-11-01,40.9
1971,Dec,1971-12-01,41.1
1972,Jan,1972-01-01,41.1
1972,Feb,1972-02-01,41.3
1972,Mar,1972-03-01,41.4
1972,Apr,1972-04-01,41.5
1972,May,1972-05-01,41.6
1972,June,1972-06-01,41.7
1972,July,1972-07-01,41.9
1972,Aug,1972-08-01,42.0
1972,Sep,1972-09-01,42.1
1972,Oct,1972-10-01,42.3
1972,Nov,1972-11-01,42.4
1972,Dec,1972-12-01,42.5
1973,Jan,1973-01-01,42.6
1973,Feb,1973-02-01,42.9
1973,Mar,1973-03-01,43.3
1973,Apr,1973-04-01,43.6
1973,May,1973-05-01,43.9
1973,June,1973-06-01,44.2
1973,July,1973-07-01,44.3
1973,Aug,1973-08-01,45.1
1973,Sep,1973-09-01,45.2
1973,Oct,1973-10-01,45.6
1973,Nov,1973-11-01,45.9
1973,Dec,1973-12-01,46.2
1974,Jan,1974-01-01,46.6
1974,Feb,1974-02-01,47.2
1974,Mar,1974-03-01,47.8
1974,Apr,1974-04-01,48.0
1974,May,1974-05-01,48.6
1974,June,1974-06-01,49.0
1974,July,1974-07-01,49.4
1974,Aug,1974-08-01,50.0
1974,Sep,1974-09-01,50.6
1974,Oct,1974-10-01,51.1
1974,Nov,1974-11-01,51.5
1974,Dec,1974-12-01,51.9
1975,Jan,1975-01-01,52.1
1975,Feb,1975-02-01,52.5
1975,Mar,1975-03-01,52.7
1975,Apr,1975-04-01,52.9
1975,May,1975-05-01,53.2
1975,June,1975-06-01,53.6
1975,July,1975-07-01,54.2
1975,Aug,1975-08-01,54.3
1975,Sep,1975-09-01,54.6
1975,Oct,1975-10-01,54.9
1975,Nov,1975-11-01,55.3
1975,Dec,1975-12-01,55.5
1976,Jan,1976-01-01,55.6
1976,Feb,1976-02-01,55.8
1976,Mar,1976-03-01,55.9
1976,Apr,1976-04-01,56.1
1976,May,1976-05-01,56.5
1976,June,1976-06-01,56.8
1976,July,1976-07-01,57.1
1976,Aug,1976-08-01,57.4
1976,Sep,1976-09-01,57.6
1976,Oct,1976-10-01,57.9
1976,Nov,1976-11-01,58.0
1976,Dec,1976-12-01,58.2
1977,Jan,1977-01-01,58.5
1977,Feb,1977-02-01,59.1
1977,Mar,1977-03-01,59.5
1977,Apr,1977-04-01,60.0
1977,May,1977-05-01,60.3
1977,June,1977-06-01,60.7
1977,July,1977-07-01,61.0
1977,Aug,1977-08-01,61.2
1977,Sep,1977-09-01,61.4
1977,Oct,1977-10-01,61.6
1977,Nov,1977-11-01,61.9
1977,Dec,1977-12-01,62.1
1978,Jan,1978-01-01,62.5
1978,Feb,1978-02-01,62.9
1978,Mar,1978-03-01,63.4
1978,Apr,1978-04-01,63.9
1978,May,1978-05-01,64.5
1978,June,1978-06-01,65.2
1978,July,1978-07-01,65.7
1978,Aug,1978-08-01,66.0
1978,Sep,1978-09-01,66.5
1978,Oct,1978-10-01,67.1
1978,Nov,1978-11-01,67.4
1978,Dec,1978-12-01,67.7
1979,Jan,1979-01-01,68.3
1979,Feb,1979-02-01,69.1
1979,Mar,1979-03-01,69.8
1979,Apr,1979-04-01,70.6
1979,May,1979-05-01,71.5
1979,June,1979-06-01,72.3
1979,July,1979-07-01,73.1
1979,Aug,1979-08-01,73.8
1979,Sep,1979-09-01,74.6
1979,Oct,1979-10-01,75.2
1979,Nov,1979-11-01,75.9
1979,Dec,1979-12-01,76.7
1980,Jan,1980-01-01,77.8
1980,Feb,1980-02-01,78.9
1980,Mar,1980-03-01,80.1
1980,Apr,1980-04-01,81.0
1980,May,1980-05-01,81.8
1980,June,1980-06-01,82.7
1980,July,1980-07-01,82.7
1980,Aug,1980-08-01,83.3
1980,Sep,1980-09-01,84.0
1980,Oct,1980-10-01,84.8
1980,Nov,1980-11-01,85.5
1980,Dec,1980-12-01,86.3
1981,Jan,1981-01-01,87.0
1981,Feb,1981-02-01,87.9
1981,Mar,1981-03-01,88.5
1981,Apr,1981-04-01,89.1
1981,May,1981-05-01,89.8
1981,June,1981-06-01,90.6
1981,July,1981-07-01,91.6
1981,Aug,1981-08-01,92.3
1981,Sep,1981-09-01,93.2
1981,Oct,1981-10-01,93.4
1981,Nov,1981-11-01,93.7
1981,Dec,1981-12-01,94.0
1982,Jan,1982-01-01,94.3
1982,Feb,1982-02-01,94.6
1982,Mar,1982-03-01,94.5
1982,Apr,1982-04-01,94.9
1982,May,1982-05-01,95.8
1982,June,1982-06-01,97.0
1982,July,1982-07-01,97.5
1982,Aug,1982-08-01,97.7
1982,Sep,1982-09-01,97.9
1982,Oct,1982-10-01,98.2
1982,Nov,1982-11-01,98.0
1982,Dec,1982-12-01,97.6
1983,Jan,1983-01-01,97.8
1983,Feb,1983-02-01,97.9
1983,Mar,1983-03-01,97.9
1983,Apr,1983-04-01,98.6
1983,May,1983-05-01,99.2
1983,June,1983-06-01,99.5
1983,July,1983-07-01,99.9
1983,Aug,1983-08-01,100.2
1983,Sep,1983-09-01,100.7
1983,Oct,1983-10-01,101.0
1983,Nov,1983-11-01,101.2
1983,Dec,1983-12-01,101.3
1984,Jan,1984-01-01,101.9
1984,Feb,1984-02-01,102.4
1984,Mar,1984-03-01,102.6
1984,Apr,1984-04-01,103.1
1984,May,1984-05-01,103.4
1984,June,1984-06-01,103.7
1984,July,1984-07-01,104.1
1984,Aug,1984-08-01,104.5
1984,Sep,1984-09-01,105.0
1984,Oct,1984-10-01,105.3
1984,Nov,1984-11-01,105.3
1984,Dec,1984-12-01,105.3
1985,Jan,1985-01-01,105.5
1985,Feb,1985-02-01,106.0
1985,Mar,1985-03-01,106.4
1985,Apr,1985-04-01,106.9
1985,May,1985-05-01,107.3
1985,June,1985-06-01,107.6
1985,July,1985-07-01,107.8
1985,Aug,1985-08-01,108.0
1985,Sep,1985-09-01,108.3
1985,Oct,1985-10-01,108.7
1985,Nov,1985-11-01,109.0
1985,Dec,1985-12-01,109.3
1986,Jan,1986-01-01,109.6
1986,Feb,1986-02-01,109.3
1986,Mar,1986-03-01,108.8
1986,Apr,1986-04-01,108.6
1986,May,1986-05-01,108.9
1986,June,1986-06-01,109.5
1986,July,1986-07-01,109.5
1986,Aug,1986-08-01,109.7
1986,Sep,1986-09-01,110.2
1986,Oct,1986-10-01,110.3
1986,Nov,1986-11-01,110.4
1986,Dec,1986-12-01,110.5
1987,Jan,1987-01-01,111.2
1987,Feb,1987-02-01,111.6
1987,Mar,1987-03-01,112.1
1987,Apr,1987-04-01,112.7
1987,May,1987-05-01,113.1
1987,June,1987-06-01,113.5
1987,July,1987-07-01,113.8
1987,Aug,1987-08-01,114.4
1987,Sep,1987-09-01,115.0
1987,Oct,1987-10-01,115.3
1987,Nov,1987-11-01,115.4
1987,Dec,1987-12-01,115.4
1988,Jan,1988-01-01,115.7
1988,Feb,1988-02-01,116.0
1988,Mar,1988-03-01,116.5
1988,Apr,1988-04-01,117.1
1988,May,1988-05-01,117.5
1988,June,1988-06-01,118.0
1988,July,1988-07-01,118.5
1988,Aug,1988-08-01,119.0
1988,Sep,1988-09-01,119.8
1988,Oct,1988-10-01,120.2
1988,Nov,1988-11-01,120.3
1988,Dec,1988-12-01,120.5
1989,Jan,1989-01-01,121.1
1989,Feb,1989-02-01,121.6
1989,Mar,1989-03-01,122.3
1989,Apr,1989-04-01,123.1
1989,May,1989-05-01,123.8
1989,June,1989-06-01,124.1
1989,July,1989-07-01,124.4
1989,Aug,1989-08-01,124.6
1989,Sep,1989-09-01,125.0
1989,Oct,1989-10-01,125.6
1989,Nov,1989-11-01,125.9
1989,Dec,1989-12-01,126.1
1990,Jan,1990-01-01,127.4
1990,Feb,1990-02-01,128.0
1990,Mar,1990-03-01,128.7
1990,Apr,1990-04-01,128.9
1990,May,1990-05-01,129.2
1990,June,1990-06-01,129.9
1990,July,1990-07-01,130.4
1990,Aug,1990-08-01,131.6
1990,Sep,1990-09-01,132.7
1990,Oct,1990-10-01,133.5
1990,Nov,1990-11-01,133.8
1990,Dec,1990-12-01,133.8
1991,Jan,1991-01-01,134.6
1991,Feb,1991-02-01,134.8
1991,Mar,1991-03-01,135.0
1991,Apr,1991-04-01,135.2
1991,May,1991-05-01,135.6
1991,June,1991-06-01,136.0
1991,July,1991-07-01,136.2
1991,Aug,1991-08-01,136.6
1991,Sep,1991-09-01,137.2
1991,Oct,1991-10-01,137.4
1991,Nov,1991-11-01,137.8
1991,Dec,1991-12-01,137.9
1992,Jan,1992-01-01,138.1
1992,Feb,1992-02-01,138.6
1992,Mar,1992-03-01,139.3
1992,Apr,1992-04-01,139.5
1992,May,1992-05-01,139.7
1992,June,1992-06-01,140.2
1992,July,1992-07-01,140.5
1992,Aug,1992-08-01,140.9
1992,Sep,1992-09-01,141.3
1992,Oct,1992-10-01,141.8
1992,Nov,1992-11-01,142.0
1992,Dec,1992-12-01,141.9
1993,Jan,1993-01-01,142.6
1993,Feb,1993-02-01,143.1
1993,Mar,1993-03-01,143.6
1993,Apr,1993-04-01,144.0
1993,May,1993-05-01,144.2
1993,June,1993-06-01,144.4
1993,July,1993-07-01,144.4
1993,Aug,1993-08-01,144.8
1993,Sep,1993-09-01,145.1
1993,Oct,1993-10-01,145.7
1993,Nov,1993-11-01,145.8
1993,Dec,1993-12-01,145.8
1994,Jan,1994-01-01,146.2
1994,Feb,1994-02-01,146.7
1994,Mar,1994-03-01,147.2
1994,Apr,1994-04-01,147.4
1994,May,1994-05-01,147.5
1994,June,1994-06-01,148.0
1994,July,1994-07-01,148.4
1994,Aug,1994-08-01,149.0
1994,Sep,1994-09-01,149.4
1994,Oct,1994-10-01,149.5
1994,Nov,1994-11-01,149.7
1994,Dec,1994-12-01,149.7
1995,Jan,1995-01-01,150.3
1995,Feb,1995-02-01,150.9
1995,Mar,1995-03-01,151.4
1995,Apr,1995-04-01,151.9
1995,May,1995-05-01,152.2
1995,June,1995-06-01,152.5
1995,July,1995-07-01,152.5
1995,Aug,1995-08-01,152.9
1995,Sep,1995-09-01,153.2
1995,Oct,1995-10-01,153.7
1995,Nov,1995-11-01,153.6
1995,Dec,1995-12-01,153.5
1996,Jan,1996-01-01,154.4
1996,Feb,1996-02-01,154.9
1996,Mar,1996-03-01,155.7
1996,Apr,1996-04-01,156.3
1996,May,1996-05-01,156.6
1996,June,1996-06-01,156.7
1996,July,1996-07-01,157.0
1996,Aug,1996-08-01,157.3
1996,Sep,1996-09-01,157.8
1996,Oct,1996-10-01,158.3
1996,Nov,1996-11-01,158.6
1996,Dec,1996-12-01,158.6
1997,Jan,1997-01-01,159.1
1997,Feb,1997-02-01,159.6
1997,Mar,1997-03-01,160.0
1997,Apr,1997-04-01,160.2
1997,May,1997-05-01,160.1
1997,June,1997-06-01,160.3
1997,July,1997-07-01,160.5
1997,Aug,1997-08-01,160.8
1997,Sep,1997-09-01,161.2
1997,Oct,1997-10-01,161.6
1997,Nov,1997-11-01,161.5
1997,Dec,1997-12-01,161.3
1998,Jan,1998-01-01,161.6
1998,Feb,1998-02-01,161.9
1998,Mar,1998-03-01,162.2
1998,Apr,1998-04-01,162.5
1998,May,1998-05-01,162.8
1998,June,1998-06-01,163.0
1998,July,1998-07-01,163.2
1998,Aug,1998-08-01,163.4
1998,Sep,1998-09-01,163.6
1998,Oct,1998-10-01,164.0
1998,Nov,1998-11-01,164.0
1998,Dec,1998-12-01,163.9
1999,Jan,1999-01-01,164.3
1999,Feb,1999-02-01,164.5
1999,Mar,1999-03-01,165.0
1999,Apr,1999-04-01,166.2
1999,May,1999-05-01,166.2
1999,June,1999-06-01,166.2
1999,July,1999-07-01,166.7
1999,Aug,1999-08-01,167.1
1999,Sep,1999-09-01,167.9
1999,Oct,1999-10-01,168.2
1999,Nov,1999-11-01,168.3
1999,Dec,1999-12-01,168.3
2000,Jan,2000-01-01,168.8
2000,Feb,2000-02-01,169.8
2000,Mar,2000-03-01,171.2
2000,Apr,2000-04-01,171.3
2000,May,2000-05-01,171.5
2000,June,2000-06-01,172.4
2000,July,2000-07-01,172.8
2000,Aug,2000-08-01,172.8
2000,Sep,2000-09-01,173.7
2000,Oct,2000-10-01,174.0
2000,Nov,2000-11-01,174.1
2000,Dec,2000-12-01,174.0
2001,Jan,2001-01-01,175.1
2001,Feb,2001-02-01,175.8
2001,Mar,2001-03-01,176.2
2001,Apr,2001-04-01,176.9
2001,May,2001-05-01,177.7
2001,June,2001-06-01,178.0
2001,July,2001-07-01,177.5
2001,Aug,2001-08-01,177.5
2001,Sep,2001-09-01,178.3
2001,Oct,2001-10-01,177.7
2001,Nov,2001-11-01,177.4
2001,Dec,2001-12-01,176.7
2002,Jan,2002-01-01,177.1
2002,Feb,2002-02-01,177.8
2002,Mar,2002-03-01,178.8
2002,Apr,2002-04-01,179.8
2002,May,2002-05-01,179.8
2002,June,2002-06-01,179.9
2002,July,2002-07-01,180.1
2002,Aug,2002-08-01,180.7
2002,Sep,2002-09-01,181.0
2002,Oct,2002-10-01,181.3
2002,Nov,2002-11-01,181.3
2002,Dec,2002-12-01,180.9
2003,Jan,2003-01-01,181.7
2003,Feb,2003-02-01,183.1
2003,Mar,2003-03-01,184.2
2003,Apr,2003-04-01,183.8
2003,May,2003-05-01,183.5
2003,June,2003-06-01,183.7
2003,July,2003-07-01,183.9
2003,Aug,2003-08-01,184.6
2003,Sep,2003-09-01,185.2
2003,Oct,2003-10-01,185.0
2003,Nov,2003-11-01,184.5
2003,Dec,2003-12-01,184.3
2004,Jan,2004-01-01,185.2
2004,Feb,2004-02-01,186.2
2004,Mar,2004-03-01,187.4
2004,Apr,2004-04-01,188.0
2004,May,2004-05-01,189.1
2004,June,2004-06-01,189.7
2004,July,2004-07-01,189.4
2004,Aug,2004-08-01,189.5
2004,Sep,2004-09-01,189.9
2004,Oct,2004-10-01,190.9
2004,Nov,2004-11-01,191.0
2004,Dec,2004-12-01,190.3
2005,Jan,2005-01-01,190.7
2005,Feb,2005-02-01,191.8
2005,Mar,2005-03-01,193.3
2005,Apr,2005-04-01,194.6
2005,May,2005-05-01,194.4
2005,June,2005-06-01,194.5
2005,July,2005-07-01,195.4
2005,Aug,2005-08-01,196.4
2005,Sep,2005-09-01,198.8
2005,Oct,2005-10-01,199.2
2005,Nov,2005-11-01,197.6
2005,Dec,2005-12-01,196.8
2006,Jan,2006-01-01,198.3
2006,Feb,2006-02-01,198.7
2006,Mar,2006-03-01,199.8
2006,Apr,2006-04-01,201.5
2006,May,2006-05-01,202.5
2006,June,2006-06-01,202.9
2006,July,2006-07-01,203.5
2006,Aug,2006-08-01,203.9
2006,Sep,2006-09-01,202.9
2006,Oct,2006-10-01,201.8
2006,Nov,2006-11-01,201.5
2006,Dec,2006-12-01,201.8
2007,Jan,2007-01-01,202.4
2007,Feb,2007-02-01,203.5
2007,Mar,2007-03-01,205.4
2007,Apr,2007-04-01,206.7
2007,May,2007-05-01,207.9
2007,June,2007-06-01,208.4
2007,July,2007-07-01,208.3
2007,Aug,2007-08-01,207.9
2007,Sep,2007-09-01,208.5
2007,Oct,2007-10-01,208.9
2007,Nov,2007-11-01,210.2
2007,Dec,2007-12-01,210.0
2008,Jan,2008-01-01,211.1
2008,Feb,2008-02-01,211.7
2008,Mar,2008-03-01,213.5
2008,Apr,2008-04-01,214.8
2008,May,2008-05-01,216.6
2008,June,2008-06-01,218.8
2008,July,2008-07-01,219.964
2008,Aug,2008-08-01,219.086
2008,Sep,2008-09-01,218.783
2008,Oct,2008-10-01,216.573
2008,Nov,2008-11-01,212.425
2008,Dec,2008-12-01,210.228
2009,Jan,2009-01-01,211.143
2009,Feb,2009-02-01,212.193
2009,Mar,2009-03-01,212.709
2009,Apr,2009-04-01,213.24
2009,May,2009-05-01,213.856
2009,June,2009-06-01,215.693
2009,July,2009-07-01,215.351
2009,Aug,2009-08-01,215.834
2009,Sep,2009-09-01,215.969
2009,Oct,2009-10-01,216.177
2009,Nov,2009-11-01,216.33
2009,Dec,2009-12-01,215.949
2010,Jan,2010-01-01,216.687
2010,Feb,2010-02-01,216.741
2010,Mar,2010-03-01,217.631
2010,Apr,2010-04-01,218.009
2010,May,2010-05-01,218.178
2010,June,2010-06-01,217.965
2010,July,2010-07-01,218.011
2010,Aug,2010-08-01,218.312
2010,Sep,2010-09-01,218.439
2010,Oct,2010-10-01,218.711
2010,Nov,2010-11-01,218.803
2010,Dec,2010-12-01,219.179
2011,Jan,2011-01-01,220.223
2011,Feb,2011-02-01,221.309
2011,Mar,2011-03-01,223.467
2011,Apr,2011-04-01,224.906
2011,May,2011-05-01,225.964
2011,June,2011-06-01,225.722
2011,July,2011-07-01,225.922
2011,Aug,2011-08-01,226.545
2011,Sep,2011-09-01,226.889
2011,Oct,2011-10-01,226.421
2011,Nov,2011-11-01,226.23
2011,Dec,2011-12-01,225.672
2012,Jan,2012-01-01,226.655
2012,Feb,2012-02-01,227.663
2012,Mar,2012-03-01,229.392
2012,Apr,2012-04-01,230.085
2012,May,2012-05-01,229.815
2012,June,2012-06-01,229.478
2012,July,2012-07-01,229.104
2012,Aug,2012-08-01,230.379
2012,Sep,2012-09-01,231.407
2012,Oct,2012-10-01,231.317
2012,Nov,2012-11-01,230.221
2012,Dec,2012-12-01,229.601
2013,Jan,2013-01-01,230.28
2013,Feb,2013-02-01,232.166
2013,Mar,2013-03-01,232.773
2013,Apr,2013-04-01,232.531
2013,May,2013-05-01,232.945
2013,June,2013-06-01,233.504
2013,July,2013-07-01,233.596
2013,Aug,2013-08-01,233.877
2013,Sep,2013-09-01,234.149
2013,Oct,2013-10-01,233.546
2013,Nov,2013-11-01,233.069
2013,Dec,2013-12-01,233.049
2014,Jan,2014-01-01,233.916
2014,Feb,2014-02-01,234.781
2014,Mar,2014-03-01,236.293
2014,Apr,2014-04-01,237.072
2014,May,2014-05-01,237.9
2014,June,2014-06-01,238.343
2014,July,2014-07-01,238.25
2014,Aug,2014-08-01,237.852
2014,Sep,2014-09-01,238.031
2014,Oct,2014-10-01,237.433
2014,Nov,2014-11-01,236.151
2014,Dec,2014-12-01,234.812
2015,Jan,2015-01-01,233.707
2015,Feb,2015-02-01,234.722
2015,Mar,2015-03-01,236.119
2015,Apr,2015-04-01,236.599
2015,May,2015-05-01,237.805
2015,June,2015-06-01,238.638
2015,July,2015-07-01,238.654
2015,Aug,2015-08-01,238.316
2015,Sep,2015-09-01,237.945
2015,Oct,2015-10-01,237.838
2015,Nov,2015-11-01,237.336
2015,Dec,2015-12-01,236.525
2016,Jan,2016-01-01,236.916
2016,Feb,2016-02-01,237.111
2016,Mar,2016-03-01,238.132
2016,Apr,2016-04-01,239.261
2016,May,2016-05-01,240.236
2016,June,2016-06-01,241.038
2016,July,2016-07-01,240.647
2016,Aug,2016-08-01,240.853
2016,Sep,2016-09-01,241.428
2016,Oct,2016-10-01,241.729
2016,Nov,2016-11-01,241.353
2016,Dec,2016-12-01,241.432
2017,Jan,2017-01-01,242.839
2017,Feb,2017-02-01,243.603
2017,Mar,2017-03-01,243.801
2017,Apr,2017-04-01,244.524
2017,May,2017-05-01,244.733
2017,June,2017-06-01,244.955
2017,July,2017-07-01,244.786
2017,Aug,2017-08-01,245.519
2017,Sep,2017-09-01,246.819
2017,Oct,2017-10-01,246.663
2017,Nov,2017-11-01,246.669
2017,Dec,2017-12-01,246.524
2018,Jan,2018-01-01,247.867
2018,Feb,2018-02-01,248.991
2018,Mar,2018-03-01,249.554
2018,Apr,2018-04-01,250.546
2018,May,2018-05-01,251.588
2018,June,2018-06-01,251.989
2018,July,2018-07-01,252.006
2018,Aug,2018-08-01,252.146
2018,Sep,2018-09-01,252.439
2018,Oct,2018-10-01,252.885
2018,Nov,2018-11-01,252.038
2018,Dec,2018-12-01,251.233
2019,Jan,2019-01-01,251.712
2019,Feb,2019-02-01,252.776
2019,Mar,2019-03-01,254.202
2019,Apr,2019-04-01,255.548
2019,May,2019-05-01,256.092
2019,June,2019-06-01,256.143
2019,July,2019-07-01,256.571
2019,Aug,2019-08-01,256.558
2019,Sep,2019-09-01,256.759
2019,Oct,2019-10-01,257.346
2019,Nov,2019-11-01,257.208
2019,Dec,2019-12-01,256.974
2020,Jan,2020-01-01,257.971
2020,Feb,2020-02-01,258.678
2020,Mar,2020-03-01,258.115
2020,Apr,2020-04-01,256.389
2020,May,2020-05-01,256.394
2020,June,2020-06-01,257.797
2020,July,2020-07-01,259.101
2020,Aug,2020-08-01,259.918
2020,Sep,2020-09-01,260.28
2020,Oct,2020-10-01,260.388
2020,Nov,2020-11-01,260.229
2020,Dec,2020-12-01,260.474
2021,Jan,2021-01-01,261.582
2021,Feb,2021-02-01,263.014
2021,Mar,2021-03-01,264.877
2021,Apr,2021-04-01,267.054
2021,May,2021-05-01,269.195
2021,June,2021-06-01,271.696
2021,July,2021-07-01,273.003
2021,Aug,2021-08-01,273.567
2021,Sep,2021-09-01,274.31
2021,Oct,2021-10-01,276.589
2021,Nov,2021-11-01,277.948
2021,Dec,2021-12-01,278.802
2022,Jan,2022-01-01,281.148
2022,Feb,2022-02-01,283.716
2022,Mar,2022-03-01,287.504
2022,Apr,2022-04-01,289.109
2022,May,2022-05-01,292.296
2022,June,2022-06-01,296.311
2022,July,2022-07-01,296.276
2022,August,2022-08-01,296.171
